run,id,symbol,contract,signalSource,quantity,entryTime,recordedEntry,entryPrintTime,entryPrintPremium,entryPrintOffsetSeconds,entryHistoryStatus,exitTime,recordedExit,exitPrintTime,exitPrintPremium,exitPrintOffsetSeconds,exitHistoryStatus,recordedPnl,printMarkPnl,printMarkDelta,basis
Run 2,bot:2099ca34-ffec-4108-8e34-62e0ad3f1902,MSFT,MSFT260904C00500000,quant,3,2026-08-26T19:49:07.215Z,6.33,,,,404,2026-08-27T14:30:06.495Z,9.2,,,,404,861,,,reported trade prints only; not executable bid/ask
Run 2,bot:f25e0b63-51f0-4a0c-a257-fcb0674b9486,LITE,LITE260904C01000000,quant,1,2026-08-26T19:49:08.009Z,28.65,,,,404,2026-08-27T14:10:07.761Z,19.2,,,,404,-945,,,reported trade prints only; not executable bid/ask
Run 2,bot:9430539f-8e51-438d-b731-7d0910abd226,SNOW,SNOW260904C00350000,quant,3,2026-08-26T19:49:08.898Z,8.63,,,,404,2026-08-27T16:50:07.372Z,13.2,,,,404,1371,,,reported trade prints only; not executable bid/ask
Run 2,bot:419b6d2c-18c0-402c-8575-79c2b7dc5cce,NET,NET260918C00310000,quant,3,2026-08-27T13:40:15.375Z,6.15,,,,404,2026-09-01T16:50:19.238Z,5.2,,,,404,-285,,,reported trade prints only; not executable bid/ask
Run 2,bot:7d631f10-3fb5-4f17-96bb-d5c867822abb,PANW,PANW260904C00400000,quant,3,2026-08-27T13:40:16.151Z,2.79,,,,404,2026-08-27T14:30:05.090Z,11.9,,,,404,2733,,,reported trade prints only; not executable bid/ask
Run 2,bot:316acb6c-062f-4e19-920d-141792857176,SHOP,SHOP260904C00160000,quant,3,2026-08-27T13:40:16.819Z,1.27,,,,404,2026-08-27T13:50:04.744Z,0.88,,,,404,-117,,,reported trade prints only; not executable bid/ask
Run 2,bot:101e882c-d24b-47f8-a069-7fe310980dae,AFRM,AFRM260904C00077000,quant,3,2026-08-27T13:40:18.129Z,4.55,,,,404,2026-08-28T14:00:08.813Z,11.95,,,,404,2220,,,reported trade prints only; not executable bid/ask
Run 2,bot:48d0b05a-7bc7-4265-981b-36c58663f4f2,SHOP,SHOP260904C00160000,quant,3,2026-08-27T13:50:06.912Z,1.27,,,,404,2026-08-27T14:10:06.973Z,2.1,,,,404,249,,,reported trade prints only; not executable bid/ask
Run 2,bot:e0226c48-53ea-4e95-bb47-01a60010b75d,HOOD,HOOD260904C00115000,quant,3,2026-08-27T13:50:08.238Z,1.77,,,,404,2026-08-28T13:50:17.542Z,1.6,,,,404,-51,,,reported trade prints only; not executable bid/ask
Run 2,bot:a871d681-7ba2-45b9-8851-73d5d65f882a,SHOP,SHOP260904C00160000,quant,3,2026-08-27T14:10:15.027Z,2.34,,,,404,2026-08-28T14:00:10.942Z,1.62,,,,404,-216,,,reported trade prints only; not executable bid/ask
Run 2,bot:316aa815-a251-4d3d-beaa-f847752d9d4a,RIVN,RIVN260904C00017500,quant,3,2026-08-27T14:10:16.063Z,0.27,,,,404,2026-08-28T13:50:16.794Z,0.14,,,,404,-39,,,reported trade prints only; not executable bid/ask
Run 2,bot:e7b468c1-2f78-411d-8b18-e9ff3adc4e83,LITE,LITE260904C00980000,quant,1,2026-08-27T17:00:07.693Z,21.7,,,,404,2026-08-28T14:10:14.551Z,17.8,,,,404,-390,,,reported trade prints only; not executable bid/ask
Run 2,bot:7de5c930-6cb0-434a-97a7-ff8fbc08f419,PANW,PANW260904C00412500,quant,3,2026-08-27T17:20:09.112Z,8.97,,,,404,2026-08-28T13:50:15.971Z,4.9,,,,404,-1221,,,reported trade prints only; not executable bid/ask
Run 2,bot:53e292c4-f123-4b46-85ee-36c452ac35d0,TSLA,TSLA260918C00355000,quant,2,2026-08-27T18:20:06.809Z,13.48,,,,404,2026-08-28T13:50:15.294Z,15.3,,,,404,364,,,reported trade prints only; not executable bid/ask
Run 2,bot:5035cdf5-6e6c-45a6-b54b-4a50fea0138e,WDAY,WDAY260918C00200000,quant,2,2026-08-27T18:30:11.745Z,10,,,,404,2026-08-28T14:00:10.217Z,5.5,,,,404,-900,,,reported trade prints only; not executable bid/ask
Run 2,bot:d1d4c20d-448b-497b-93b3-f4673374d19a,AAPL,AAPL260911C00325000,market_scanner,3,2026-08-28T13:40:09.689Z,2.58,,,,404,2026-08-31T17:50:03.825Z,1.75,,,,404,-249,,,reported trade prints only; not executable bid/ask
Run 2,bot:c852f95b-f567-425d-92e8-bb9b994027b4,SNOW,SNOW260911C00360000,market_scanner,2,2026-08-28T13:50:20.081Z,11.2,,,,404,2026-09-01T17:00:06.790Z,7.25,,,,404,-790,,,reported trade prints only; not executable bid/ask
Run 2,bot:1cb57633-5323-4cf9-aa0b-e3d97e97f351,AMZN,AMZN260911C00265000,market_scanner,3,2026-08-28T13:50:23.007Z,2.98,,,,404,2026-08-31T18:30:05.859Z,2.42,,,,404,-168,,,reported trade prints only; not executable bid/ask
Run 2,bot:86dc8e5c-6a3b-452a-82c4-8c38800780e7,WDC,WDC260925C00530000,quant,1,2026-08-28T13:50:24.054Z,14.97,,,,404,2026-09-01T17:20:35.045Z,7.8,,,,404,-717,,,reported trade prints only; not executable bid/ask
Run 2,bot:be963605-7279-4092-95e5-8f96325e2c80,WDAY,WDAY260918C00200000,quant,3,2026-08-28T14:00:13.427Z,6.6,,,,404,2026-08-31T17:50:02.610Z,10.8,,,,404,1260,,,reported trade prints only; not executable bid/ask
Run 2,bot:d72df0e4-61ce-4cf6-8297-7cddf2ca958f,PATH,PATH260918C00019000,quant,3,2026-08-28T14:00:15.101Z,1.37,,,,404,2026-09-08T18:50:04.930Z,0.09,,,,404,-384,,,reported trade prints only; not executable bid/ask
Run 2,bot:9d2a271c-ca83-4c76-af16-066c3d9064d8,PANW,PANW260911C00410000,market_scanner,2,2026-08-31T19:30:42.367Z,9.7,,,,404,2026-09-01T16:50:18.423Z,4.2,,,,404,-1100,,,reported trade prints only; not executable bid/ask
Run 2,bot:d882adf0-9f61-4d12-88cb-8b4e8a1b488f,MDB,MDB260918C00500000,market_scanner,1,2026-08-31T19:30:43.053Z,21.68,,,,404,2026-09-08T18:50:04.264Z,1.03,,,,404,-2065,,,reported trade prints only; not executable bid/ask
Run 2,bot:e2ba0fa2-e5fc-47a7-bbe4-21c5e0ac174c,QCOM,QCOM261002C00160000,quant,1,2026-08-31T19:40:26.615Z,13.97,,,,404,2026-09-09T13:55:12.350Z,20,,,,200,603,,,reported trade prints only; not executable bid/ask
Run 2,bot:e7f7fda9-704e-415c-8a89-4edf7bf46bb0,AAPL,AAPL260911C00322500,market_scanner,3,2026-08-31T19:40:28.244Z,3.03,,,,404,2026-09-08T18:50:03.594Z,2.05,,,,404,-294,,,reported trade prints only; not executable bid/ask
Run 2,bot:db69d6ab-6171-434e-aa65-d92f634060d4,SDOW,SDOW260918C00021000,market_scanner,3,2026-09-08T19:00:04.187Z,1.9,,,,404,2026-09-10T13:10:07.798Z,2.8,,,,404,270,,,reported trade prints only; not executable bid/ask
Run 2,bot:ad5f71df-54db-43ad-9ed3-00c4a1ce9016,PLUG,PLUG260918C00002000,market_scanner,3,2026-09-08T19:00:04.998Z,0.3,,,,404,2026-09-18T20:00:00.000Z,0.09,,,,404,-63,,,reported trade prints only; not executable bid/ask
Run 2,bot:91bffa67-4b40-4221-8b18-067ea8892ec8,AAPL,AAPL260918C00325000,market_scanner,3,2026-09-09T13:57:08.177Z,2.94,,,,404,2026-09-18T20:00:00.000Z,11.13,,,,404,2457,,,reported trade prints only; not executable bid/ask
Run 2,bot:1a013e9a-ac68-4a9b-ae64-1decda587fd9,B,B260918C00030000,market_scanner,3,2026-09-09T13:57:09.758Z,6.38,,,,404,2026-09-18T20:00:00.000Z,13.33,,,,404,2085,,,reported trade prints only; not executable bid/ask
Run 2,bot:0dfab832-3f8f-4840-bf7b-496aeb2d5750,XOM,XOM260918C00165000,market_scanner,3,2026-09-09T14:52:48.650Z,2.67,,,,404,2026-09-10T14:00:09.386Z,4.1,,,,404,429,,,reported trade prints only; not executable bid/ask
