run,id,symbol,contract,signalSource,quantity,entryTime,recordedEntry,entryBarTime,entryBarClose,entryVolume,entrySecondsIntoMinute,entryStatus,exitTime,recordedExit,exitBarTime,exitBarClose,exitVolume,exitSecondsIntoMinute,exitStatus,recordedPnl,minuteBarMarkPnl,minuteBarMarkDelta,feed,basis
Run 3,bot:0c6ac174-c4d4-4d1f-83b9-365ad84f4ac0,PM,PM261016C00190000,flow,3,2026-09-24T18:39:26.207Z,5.2,,,,,ok,2026-09-25T16:10:47.015Z,3.1,,,,,ok,-630,,,Alpaca default (endpoint does not accept a feed parameter),"Alpaca one-minute option trade bar close; aggregated print, may include post-event trades; not executable bid/ask"
Run 3,bot:137a1e4a-4876-4950-a94c-3a49de52f52c,KEYS,KEYS261016C00340000,market_scanner,1,2026-09-24T18:39:26.740Z,23.1,,,,,ok,2026-10-01T14:52:20.487Z,32.619,,,,,ok,951.9,,,Alpaca default (endpoint does not accept a feed parameter),"Alpaca one-minute option trade bar close; aggregated print, may include post-event trades; not executable bid/ask"
Run 3,bot:ec0ef9ee-789a-4d88-9a6c-24e287e6368f,AAPL,AAPL261002P00335000,flow,3,2026-09-25T12:45:51.528Z,3.85,,,,,ok,2026-09-25T15:53:37.329Z,2.53,,,,,ok,-396,,,Alpaca default (endpoint does not accept a feed parameter),"Alpaca one-minute option trade bar close; aggregated print, may include post-event trades; not executable bid/ask"
Run 3,bot:62c63514-0286-4839-ba4a-21e62dfeb2a3,PLTR,PLTR261002C00200000,gex_scanner,3,2026-09-25T13:25:13.879Z,2.7,,,,,ok,2026-09-25T15:53:36.640Z,1.8,,,,,ok,-270,,,Alpaca default (endpoint does not accept a feed parameter),"Alpaca one-minute option trade bar close; aggregated print, may include post-event trades; not executable bid/ask"
Run 3,bot:a6fa7a45-f2d5-45cf-ad94-9e6d813bfc9f,SNOW,SNOW270115C00420000,gex_scanner,1,2026-09-25T13:38:05.699Z,25.18,,,,,ok,2026-09-28T14:12:11.156Z,9.8,,,,,ok,-1538,,,Alpaca default (endpoint does not accept a feed parameter),"Alpaca one-minute option trade bar close; aggregated print, may include post-event trades; not executable bid/ask"
Run 3,bot:758e79ee-9fe7-4ffa-b467-39d68cc49805,NFLX,NFLX261016C00075000,gex_scanner,3,2026-09-25T13:38:06.560Z,1.04,2026-09-25T13:38:00.000Z,0.95,1,6,ok,2026-09-28T14:12:07.990Z,0.51,2026-09-28T14:12:00.000Z,0.57,6,7,ok,-159,-114,45,Alpaca default (endpoint does not accept a feed parameter),"Alpaca one-minute option trade bar close; aggregated print, may include post-event trades; not executable bid/ask"
Run 3,bot:645898a3-d4ad-43c7-b8e4-e026e7141ba0,SU,SU261016C00070000,market_scanner,3,2026-09-25T15:53:50.629Z,1.63,,,,,ok,2026-09-30T16:45:02.121Z,0.85,,,,,ok,-234,,,Alpaca default (endpoint does not accept a feed parameter),"Alpaca one-minute option trade bar close; aggregated print, may include post-event trades; not executable bid/ask"
Run 3,bot:814f243b-66ad-4110-93fa-7e618b276d33,SAP,SAP261016C00210000,market_scanner,3,2026-09-25T15:53:51.729Z,8.15,,,,,ok,2026-10-02T13:35:21.938Z,5.32,,,,,ok,-849,,,Alpaca default (endpoint does not accept a feed parameter),"Alpaca one-minute option trade bar close; aggregated print, may include post-event trades; not executable bid/ask"
Run 3,bot:0d09fe22-480a-4abc-a590-143e0c9fda6f,SWKS,SWKS261016C00080000,market_scanner,2,2026-09-25T15:53:52.646Z,11.1,,,,,ok,2026-09-30T17:15:07.307Z,6.61,,,,,ok,-898,,,Alpaca default (endpoint does not accept a feed parameter),"Alpaca one-minute option trade bar close; aggregated print, may include post-event trades; not executable bid/ask"
Run 3,bot:b78b2545-4f3b-4332-b0d3-fc10c2083c02,MET,MET261016C00095000,market_scanner,3,2026-09-25T16:11:25.407Z,3.6,,,,,ok,2026-09-29T17:27:39.238Z,2.05,,,,,ok,-465,,,Alpaca default (endpoint does not accept a feed parameter),"Alpaca one-minute option trade bar close; aggregated print, may include post-event trades; not executable bid/ask"
Run 3,bot:f481e1ef-74d8-478d-b22c-f4339bb38371,ETHA,ETHA261009C00021500,market_scanner,3,2026-09-25T16:28:46.219Z,0.32,,,,,ok,2026-09-29T17:27:38.708Z,0.18,,,,,ok,-42,,,Alpaca default (endpoint does not accept a feed parameter),"Alpaca one-minute option trade bar close; aggregated print, may include post-event trades; not executable bid/ask"
